item_id,score,sim_text,sim_graph
3805614,0.9284798,0.88411564,0.97284395
4029744,0.9096491,0.8415024,0.9777957
4034175,0.90733814,0.8564237,0.95825267
3976484,0.90400195,0.8290538,0.97895
4017911,0.89998794,0.84228706,0.9576888
4028427,0.8870615,0.8553437,0.91877925
4029193,0.8736849,0.7800615,0.9673083
3027796,0.8672321,0.79501855,0.9394457
4033627,0.86325324,0.7583549,0.9681515
3089924,0.8554877,0.7835842,0.9273912
