item_id,score,sim_text,sim_graph
3805614,0.92848,0.884116,0.972844
4029744,0.909649,0.841502,0.977796
4034175,0.907338,0.856424,0.958253
3976484,0.904002,0.829054,0.97895
4017911,0.899988,0.842287,0.957689
4028427,0.887062,0.855344,0.918779
3027796,0.867232,0.795019,0.939446
4023542,0.837614,0.796612,0.878615
3945570,0.822381,0.866983,0.777779
3925491,0.627732,0.800191,0.455272
